_daysuntilxmas	4.927	false	1	2019-01-03T09:11:10.000Z
therealmuseum	4.897	false	68	2016-10-16T08:19:49.000Z
all_the_planets	4.896	false	39	2018-06-25T14:00:15.000Z
bedbugbot	4.857	false	31	2019-04-09T16:43:53.000Z
YouLookNiceBot	4.816	false	1427	2019-05-09T15:36:39.000Z
EmojiLoveBot	4.787	false	55	2019-05-09T16:30:50.000Z
EmojiMoodBot	4.750	false	65	2019-05-09T16:44:45.000Z
FederalistBot	4.746	false	5	2017-01-23T13:01:01.000Z
officefridgebot	4.746	false	17	2019-05-09T12:39:52.000Z
santaBot5000	4.724	false	41	2015-12-13T17:28:08.000Z
dayofweek_bot	4.676	false	12	2019-05-08T15:00:22.000Z
manpagedujour	4.676	false	1304	2019-05-09T18:00:11.000Z
schmuckbot	4.649	false	9	2019-05-09T12:37:33.000Z
1reasontogo	4.620	false	15	2019-05-09T10:23:29.000Z
DaysTillFallBot	4.620	false	45	2019-03-13T20:39:27.000Z
weight_not_want	4.620	false	4	2018-12-25T13:49:38.000Z
MartianUpdates	4.589	false	10	2018-11-09T13:59:21.000Z
ThesaurusGame	4.589	false	2901	2019-05-09T09:46:36.000Z
doorsateight	4.556	false	85	2019-05-09T01:41:21.000Z
rip_wikibots	4.556	false	14	2018-06-27T10:33:38.000Z
Smoothiebot	4.556	false	33	2019-05-09T06:30:49.000Z
venmodrugs	4.556	false	571	2018-07-24T20:58:59.000Z
acrotowne	4.482	false	252	2017-10-15T06:25:36.000Z
mazeaday	4.465	false	10865	2019-05-09T16:40:03.000Z
_AARON_bot	4.439	false	107	2019-05-09T11:00:01.000Z
anagramatron	4.397	false	7666	2016-12-25T23:10:22.000Z
dateideasbot	4.397	false	14	2017-11-07T15:07:11.000Z
ImprovChallenge	4.397	false	69	2019-05-09T13:01:14.000Z
intensificator	4.397	false	2261	2019-05-09T17:14:55.000Z
minimazesolver	4.397	false	70	2019-05-09T06:30:34.000Z
MysteriousElder	4.397	false	283	2019-05-09T16:40:50.000Z
thenewharperlee	4.397	false	115	2018-11-20T09:55:33.000Z
Colourjams	4.351	false	571	2019-05-09T16:35:16.000Z
DayFingrAuslan	4.351	false	79	2019-05-08T22:45:06.000Z
ruestungshaul	4.351	false	57	2019-05-09T06:30:50.000Z
happymoonbot	4.301	false	23	2019-05-09T17:17:03.000Z
rfcdujour	4.301	false	1062	2019-05-09T09:00:16.000Z
SnailFact	4.301	false	65	2019-03-15T06:28:24.000Z
TheGIFingBot	4.301	false	96	2017-04-18T11:31:12.000Z
whatorderbooks	4.301	false	3	2019-05-09T17:19:32.000Z
menubot	4.248	false	639	2019-05-09T06:35:34.000Z
So_YouBotDetntn	4.248	false	10	2019-05-09T15:33:24.000Z
EveryFeature	4.234	false	36	2019-05-09T17:30:39.000Z
civicissues	4.192	false	82	2019-05-09T12:08:19.000Z
lovetheseas	4.192	false	167	2019-05-09T12:39:03.000Z
ChuckieNorrisie	4.132	false	60	2018-07-13T00:21:11.000Z
GitWishes	4.132	false	57	2019-05-09T17:34:53.000Z
PermitBot	4.132	false	458	2019-04-17T13:23:03.000Z
pls_take_breaks	4.132	false	555	2019-05-09T12:37:22.000Z
whatshouldiknit	4.132	false	760	2019-05-09T17:14:24.000Z
faketmglyrics	4.069	false	56	2019-05-09T10:12:07.000Z
itsYrLuckyDay	4.069	false	15	2015-12-12T04:58:02.000Z
No_hay_bot	4.069	false	1	2019-05-09T15:33:39.000Z
ShowdownBot	4.069	false	20	2019-05-09T16:13:05.000Z
wholeearthradar	4.069	false	33	2015-11-26T01:45:45.000Z
beetlesbot	4.060	false	241	2019-05-09T16:00:52.000Z
alinkplease	4.003	false	5	2016-06-17T17:50:19.000Z
aLonelyProject	4.003	false	217	2019-05-09T03:16:52.000Z
BotBaum	4.003	false	34	2019-05-09T16:10:29.000Z
cellendipity	4.003	false	154	2019-05-02T06:25:20.000Z
doskvolscores	4.003	false	697	2019-05-09T15:00:02.000Z
iBotSunburn	4.003	false	5	2018-02-14T23:00:16.000Z
nixibot	4.003	false	266	2019-05-09T17:00:18.000Z
theclivebot	4.003	false	353	2019-05-09T14:00:40.000Z
twilightwarmth	4.003	false	63	2015-11-29T20:28:14.000Z
TwoHeadlines	4.003	false	8250	2018-05-17T17:08:09.000Z
Whinge_Bot	4.003	false	26	2019-05-09T17:19:22.000Z
BrutalistEngine	3.995	false	106	2019-02-06T13:51:05.000Z
anthrobotica	3.933	false	18	2019-05-09T15:41:50.000Z
betteridge_bot	3.933	false	19	2019-01-27T16:35:01.000Z
BikePortOfLABot	3.933	false	11	2019-05-09T06:30:33.000Z
BotCarrion	3.933	false	315	2019-05-09T15:36:30.000Z
cavern_caravan	3.933	false	77	2019-05-09T15:44:15.000Z
space_stories	3.933	false	961	2019-05-09T12:56:13.000Z
everytwitpic	3.928	false	336	2016-07-07T21:30:03.000Z
bot_ideas	3.860	false	464	2019-05-09T15:36:47.000Z
CarloMarxBot	3.860	false	57	2019-05-09T17:59:06.000Z
civ5_jobs	3.860	false	67	2019-05-09T17:36:44.000Z
DailyPianoScale	3.860	false	46	2019-05-09T12:42:38.000Z
dynamicportrai1	3.860	false	2	2019-05-09T17:43:45.000Z
emojipotus	3.860	false	39	2018-08-13T14:12:30.000Z
gimmeapc	3.860	false	1048	2019-05-09T15:26:16.000Z
mesmerinion	3.860	false	30	2019-05-09T12:21:04.000Z
MuskSolutions	3.860	false	18	2019-05-09T16:20:21.000Z
osspbot	3.860	false	124	2018-07-20T00:00:53.000Z
personaIitea	3.860	false	269	2019-05-09T12:58:46.000Z
RestroomGender	3.860	false	3302	2018-08-20T00:30:00.000Z
transitingnow	3.860	false	324	2019-04-02T13:26:02.000Z
_cawp_	3.783	false	4	2019-01-17T02:07:49.000Z
assortedfiles	3.783	false	151	2019-05-09T17:14:24.000Z
choosetoaccept	3.783	false	61	2019-05-09T06:28:17.000Z
eleanorrigbot	3.783	false	2	2019-01-30T07:40:50.000Z
ForTheRecordBot	3.783	false	35	2018-02-24T15:31:11.000Z
itsthisyear	3.783	false	205	2018-02-22T18:00:01.000Z
LinkArchiver	3.783	false	6964	2018-08-26T22:23:45.000Z
mauritscorneIis	3.783	false	3	2018-05-01T23:48:10.000Z
NYChickens	3.783	false	145	2018-11-13T13:54:50.000Z
RebottaSugar	3.783	false	9	2019-05-09T17:18:15.000Z
rhymerobot	3.783	false	12	2019-05-09T17:18:15.000Z
what_capital	3.783	false	9	2017-10-02T19:06:07.000Z
wrongquotebot	3.783	false	29	2019-05-09T10:00:25.000Z
XYZPunk	3.783	false	110	2019-05-09T15:39:39.000Z
dailysicp	3.782	false	63	2019-05-07T00:18:54.000Z
actual_ransom	3.703	false	6596	2019-04-22T07:00:25.000Z
ArpObservatory	3.703	false	100	2019-05-09T17:26:46.000Z
BikePasadenaBot	3.703	false	18	2018-08-16T20:09:32.000Z
bot_teleport	3.703	false	833	2019-05-09T15:36:48.000Z
BotQuilt	3.703	false	74	2019-05-09T17:35:58.000Z
fearwantbot	3.703	false	17	2019-05-09T17:12:10.000Z
FinnishFlags	3.703	false	241	2019-05-09T04:00:08.000Z
HaikuMurakami	3.703	false	82	2019-05-09T16:18:42.000Z
larynxBot	3.703	false	32	2018-12-24T01:15:59.000Z
lovemelbtrees	3.703	false	84	2018-12-13T23:37:28.000Z
paombot	3.703	false	9	2015-11-22T02:28:31.000Z
quotemakerbot	3.703	false	82	2018-04-28T18:31:09.000Z
ReadMeLikeABot	3.703	false	106	2019-05-09T17:36:55.000Z
StoryPremiseBot	3.703	false	60	2019-05-09T17:16:35.000Z
Sunlight_Bot	3.703	false	3	2019-05-09T16:59:42.000Z
10printbot	3.624	false	7	2019-05-09T17:58:54.000Z
proceduralart	3.624	false	275	2018-11-15T13:02:27.000Z
30minutemix	3.619	false	33	2019-05-09T12:30:03.000Z
among_stars_	3.619	false	141	2019-05-09T15:34:40.000Z
ConceptNetPoet	3.619	false	337	2019-05-09T13:00:22.000Z
DailyDesiderata	3.619	false	16	2019-05-06T08:45:45.000Z
DoSomethingBot	3.619	false	52	2019-05-09T12:57:55.000Z
favibot	3.619	false	342	2019-05-09T04:00:27.000Z
fewerror	3.619	false	1047	2017-11-21T02:40:11.000Z
Open_Brother	3.619	false	11	2019-05-09T17:17:24.000Z
Selfdisembowel	3.619	false	11	2019-05-07T16:57:30.000Z
tinydnd	3.619	false	166	2015-10-10T19:39:55.000Z
tinyisles	3.619	false	250	2019-05-09T12:58:26.000Z
VillanelleBot	3.619	false	106	2019-05-08T03:26:14.000Z
Vox304	3.619	false	44	2019-05-07T15:06:03.000Z
WhyBeBot	3.619	false	35	2019-05-09T17:52:02.000Z
alleverleser	3.541	false	12	2019-05-09T13:22:01.000Z
randomlivetext	3.541	false	710	2019-05-09T17:23:32.000Z
alltheminutes	3.532	false	761	2018-10-31T06:54:11.000Z
BingoBits	3.532	false	7	2019-05-09T15:38:35.000Z
CatYoncee	3.532	false	32	2019-05-09T18:02:09.000Z
DealingOutDeals	3.532	false	73	2018-07-05T06:45:09.000Z
eatroastbeef	3.532	false	36	2019-05-09T14:45:04.000Z
EmojiForecast	3.532	false	8	2016-05-10T00:43:12.000Z
Gobbobot	3.532	false	225	2019-05-09T17:40:02.000Z
hellohistorybot	3.532	false	18	2017-06-17T18:31:51.000Z
new_fruits	3.532	false	259	2019-05-09T18:05:18.000Z
one_algorithm	3.532	false	107	2016-04-20T03:30:02.000Z
JeuDuDicoBot	3.454	false	697	2019-05-09T17:35:45.000Z
Lightbothouse	3.454	false	43	2019-05-09T15:41:37.000Z
alltheplanets	3.442	false	23	2019-05-09T16:30:06.000Z
arniecommentary	3.442	false	410	2019-05-09T13:02:15.000Z
astrobot3000	3.442	false	7	2019-05-09T12:57:46.000Z
BContestants	3.442	false	16	2019-05-09T13:03:34.000Z
birdcallbot	3.442	false	67	2018-07-26T08:31:34.000Z
BokuWaKinoDesu	3.442	false	3	2019-05-07T14:01:22.000Z
coldteabot	3.442	false	22	2019-05-09T15:38:45.000Z
dailyasteri	3.442	false	450	2019-05-09T17:11:14.000Z
GoOutsideBot	3.442	false	8	2019-05-09T06:30:16.000Z
haiku_ebooks	3.442	false	101	2015-12-11T17:17:50.000Z
happy_botday	3.442	false	160	2019-05-09T17:35:39.000Z
headsandwings	3.442	false	24	2019-05-09T17:46:00.000Z
lovebotcraft	3.442	false	84	2019-05-09T16:10:40.000Z
lovelivesbot	3.442	false	266	2019-05-09T06:32:41.000Z
p0em_bot	3.442	false	32	2019-05-09T16:00:06.000Z
pentametron	3.442	false	26129	2019-03-05T21:58:20.000Z
PlayLightsOut	3.442	false	39	2014-04-12T00:17:49.000Z
soamazingquote	3.442	false	572	2019-05-09T16:25:04.000Z
thatsnotmybot	3.442	false	4	2017-07-31T08:00:51.000Z
thehoroscopebot	3.442	false	84	2019-05-09T17:18:59.000Z
whatkilledme	3.442	false	9	2019-05-09T12:40:17.000Z
tiny_kepler	3.365	false	4	2019-05-09T17:30:05.000Z
5point9billion	3.349	false	1049	2019-05-01T12:34:30.000Z
80s_Movie_Bot	3.349	false	14	2017-10-21T22:30:31.000Z
Botgle	3.349	false	2740	2018-08-16T02:11:56.000Z
DadaistTwit	3.349	false	9	2019-05-09T15:43:30.000Z
deltron_f	3.349	false	11	2019-05-09T12:01:22.000Z
EarthRoverBot	3.349	false	1084	2018-08-21T20:42:27.000Z
extracapitalism	3.349	false	30	2019-05-09T17:42:05.000Z
fremd_denken	3.349	false	1	2019-03-18T18:38:40.000Z
galaxymarcopolo	3.349	false	556	2019-05-09T06:32:51.000Z
happyhappydb	3.349	false	389	2019-05-09T13:00:02.000Z
lighthousewiki	3.349	false	18	2019-05-09T18:00:04.000Z
particlemanbot	3.349	false	12	2019-05-09T15:37:23.000Z
realfestivals	3.349	false	6	2019-05-07T20:00:22.000Z
rightnowbbcr2	3.349	false	13	2019-05-09T18:07:47.000Z
rikersbot	3.349	false	587	2018-03-26T06:01:33.000Z
thosewhodgiveup	3.349	false	27	2019-05-09T17:19:37.000Z
TonightWeBot	3.349	false	30	2019-05-09T15:37:50.000Z
weeks2christmas	3.349	false	2	2018-01-09T00:00:50.000Z
WhosThatPokebot	3.349	false	116	2019-05-08T22:30:06.000Z
wikiphotoop	3.349	false	13	2018-12-29T19:10:03.000Z
tiny_raindrops_	3.273	false	50	2019-05-09T15:43:35.000Z
AlmostAmends	3.253	false	13	2019-05-09T16:30:16.000Z
AmznTurkerHappy	3.253	false	10	2018-03-06T11:43:04.000Z
AppraisalBot	3.253	false	14	2018-05-13T23:18:35.000Z
ArtConnoisseur_	3.253	false	76	2018-07-03T23:01:04.000Z
BikeDTLABot	3.253	false	22	2019-05-09T06:30:24.000Z
bot_abandoned	3.253	false	15	2019-05-09T15:45:07.000Z
botribunal	3.253	false	238	2019-05-09T15:33:25.000Z
DailyPatent	3.253	false	39	2019-05-09T17:49:07.000Z
dragonhoards	3.253	false	70	2019-05-09T15:41:35.000Z
folkloricbot	3.253	false	28	2019-05-09T06:28:27.000Z
GameDesignXpert	3.253	false	86	2019-05-09T15:43:09.000Z
goth_lyrics	3.253	false	19	2019-05-09T15:44:33.000Z
iamD05	3.253	false	29	2017-11-26T02:42:40.000Z
instruction_bot	3.253	false	186	2019-05-09T18:00:07.000Z
JudithBotler	3.253	false	483	2019-05-09T08:59:22.000Z
lilly_print_bot	3.253	false	13	2019-05-09T06:32:05.000Z
MI6Archives	3.253	false	37	2019-05-09T15:37:23.000Z
needsref	3.253	false	583	2019-05-09T10:57:36.000Z
NuclearTrains	3.253	false	396	2019-05-09T15:05:00.000Z
ObamaLivesOn	3.253	false	2072	2019-05-09T01:38:40.000Z
on_this_day_bot	3.253	false	85	2019-05-09T02:01:16.000Z
onthisdayrobot	3.253	false	45	2019-05-09T15:34:10.000Z
ProtoIEbot	3.253	false	126	2017-12-04T20:48:20.000Z
qrdecoder	3.253	false	4	2017-07-27T09:14:38.000Z
relativebot	3.253	false	735	2017-07-07T15:24:26.000Z
Revenantbot	3.253	false	14	2016-09-27T21:43:05.000Z
sorryenglishbot	3.253	false	5	2019-05-09T17:43:46.000Z
sunrisebot	3.253	false	191	2019-05-09T17:50:59.000Z
techclothes	3.253	false	3	2019-05-09T12:59:02.000Z
theroboreporter	3.253	false	292	2017-05-23T12:58:16.000Z
visualrecordbot	3.253	false	42	2019-05-09T18:02:13.000Z
Emojiforest	3.179	false	208	2019-05-09T13:03:47.000Z
invandringgarna	3.179	false	6	2015-10-17T14:42:33.000Z
arrrrdoubloons	3.155	false	2	2018-11-05T17:01:23.000Z
glitch80bot	3.155	false	234	2019-05-09T14:02:26.000Z
glitchdemon	3.155	false	1372	2019-04-16T05:13:17.000Z
HundredZeros	3.155	false	4987	2016-08-04T16:06:31.000Z
IssOverhead	3.155	false	32	2019-05-08T04:37:41.000Z
JeffGoldblumbot	3.155	false	51	2019-05-09T12:59:27.000Z
joinmycause	3.155	false	9	2018-06-21T11:00:09.000Z
NanceBot	3.155	false	169	2019-05-09T17:14:48.000Z
rightnowbbcr1	3.155	false	155	2019-05-09T18:02:21.000Z
smilevector	3.155	false	924	2019-05-09T18:02:33.000Z
time4gametheory	3.155	false	457	2019-05-09T17:17:23.000Z
twoemojicons	3.155	false	10	2019-05-09T06:31:39.000Z
xislikeay	3.155	false	27	2019-05-09T18:10:33.000Z
artbyalgo	3.082	false	20	2018-02-02T09:06:38.000Z
11_11_bot	3.055	false	59	2019-05-09T06:30:07.000Z
anywizard	3.055	false	249	2019-05-09T16:00:06.000Z
bokehrobot	3.055	false	12	2017-04-23T21:45:45.000Z
botifyouagree	3.055	false	24	2019-05-09T15:33:41.000Z
Cypher_B0t	3.055	false	4	2019-05-09T18:01:34.000Z
gov2dotOH	3.055	false	107	2019-05-09T15:36:57.000Z
happyendingbot	3.055	false	138	2019-05-09T06:32:09.000Z
moviediversity	3.055	false	20	2019-01-02T00:00:02.000Z
MssdAdvntrs	3.055	false	51	2017-05-03T17:02:05.000Z
nonogram_bot	3.055	false	14	2019-05-09T16:10:13.000Z
notyourbot1	3.055	false	32	2019-05-09T18:00:04.000Z
okay_campers	3.055	false	4	2019-05-09T13:00:02.000Z
openbenches	3.055	false	516	2019-05-08T08:32:27.000Z
pancakerybot	3.055	false	7	2019-05-09T15:35:38.000Z
paygap_au	3.055	false	13	2017-12-31T08:04:32.000Z
PlanMyDayBot	3.055	false	16	2019-05-09T12:38:02.000Z
potus_in_parens	3.055	false	139	2019-05-08T19:38:38.000Z
researchinator	3.055	false	80	2019-05-09T17:45:20.000Z
spaceoverlord	3.055	false	22	2019-05-09T12:58:20.000Z
sunnyday4pm	3.055	false	26	2019-05-09T15:00:22.000Z
UnicodeShowcase	3.055	false	10	2018-09-21T23:00:20.000Z
Emojimuseet	2.984	false	126	2019-05-09T07:00:03.000Z
astrology_bot	2.953	false	35	2019-05-09T06:32:56.000Z
autocompleterap	2.953	false	256	2018-03-09T15:20:03.000Z
BennyNumbers	2.953	false	52	2019-03-23T03:31:06.000Z
cloudplug	2.953	false	72	2019-05-09T12:03:44.000Z
digitisethedawn	2.953	false	183	2019-05-09T01:59:19.000Z
glossatory	2.953	false	32	2019-05-09T15:47:17.000Z
godtributes	2.953	false	27155	2019-01-01T20:00:04.000Z
insectsbot	2.953	false	63	2019-05-09T15:42:06.000Z
mythlibs	2.953	false	31	2019-05-09T12:40:54.000Z
NixieBot	2.953	false	1705	2019-05-09T08:30:39.000Z
not_a_cellphone	2.953	false	10	2019-05-09T17:12:28.000Z
paintergoblin	2.953	false	418	2019-05-09T16:20:44.000Z
paintingwmusic	2.953	false	65	2019-04-12T10:23:13.000Z
PKMNOldMan	2.953	false	110	2019-05-09T17:00:03.000Z
poetranslator	2.953	false	106	2019-05-09T10:05:29.000Z
ScuffleBusiness	2.953	false	1262	2019-03-22T12:36:48.000Z
StattoBot	2.953	false	337	2019-05-09T16:12:35.000Z
str8peoplewatch	2.953	false	415	2019-05-03T16:06:39.000Z
TellMeAStoryBot	2.953	false	25	2016-05-15T01:24:42.000Z
the_joke_bot	2.953	false	29	2016-10-19T18:38:13.000Z
Trumpgone	2.953	false	412	2019-03-01T22:00:02.000Z
tweegeemee	2.953	false	1076	2019-05-09T17:32:10.000Z
TweetMe4Moji	2.953	false	299	2017-06-22T09:24:13.000Z
UnlikelyPowers	2.953	false	253	2019-05-09T15:37:06.000Z
XKCDAltTextBot	2.953	false	338	2019-05-09T15:35:13.000Z
Abolish_ICE_Now	2.849	false	1771	2018-09-29T23:24:01.000Z
BotZodiac	2.849	false	10	2019-05-09T04:31:00.000Z
burnedyourtweet	2.849	false	28757	2018-09-23T16:10:16.000Z
color_parrot	2.849	false	221	2019-05-09T15:38:03.000Z
Datasaurs	2.849	false	618	2019-05-09T18:00:24.000Z
DogNamerBot	2.849	false	11	2018-08-11T16:30:11.000Z
fake2pmfics	2.849	false	83	2019-05-09T17:15:32.000Z
getmorelikethis	2.849	false	6	2019-04-14T12:35:05.000Z
ghostbusters_84	2.849	false	24	2019-05-09T18:00:00.000Z
gutendelight	2.849	false	255	2018-11-20T11:55:30.000Z
GuybrushPirate	2.849	false	696	2018-10-15T12:00:02.000Z
HaikuNewsBot	2.849	false	20	2019-03-12T19:00:10.000Z
HeadlineGifs	2.849	false	38	2016-05-01T16:30:05.000Z
Hitch_Haiku	2.849	false	34	2019-05-09T17:42:05.000Z
i_luv_recipes	2.849	false	135	2019-05-06T16:00:29.000Z
ishipitbot	2.849	false	13	2019-05-09T15:34:17.000Z
IsReallyCute	2.849	false	286	2018-07-28T00:06:02.000Z
kramer_v_trump	2.849	false	19	2019-05-09T12:00:48.000Z
lovihatibot	2.849	false	222	2019-05-09T13:00:09.000Z
mazingbot	2.849	false	72	2017-06-05T20:40:51.000Z
obitbot	2.849	false	10	2017-10-03T21:35:18.000Z
oliviataters	2.849	false	6556	2019-05-09T12:36:03.000Z
ReyloConfused	2.849	false	26	2019-05-09T16:17:43.000Z
Slam140	2.849	false	1845	2017-02-21T16:32:14.000Z
soundesignquery	2.849	false	26	2019-05-09T15:44:18.000Z
start_this_up	2.849	false	97	2019-05-09T17:52:53.000Z
StinkpieceBot	2.849	false	21	2019-05-09T15:43:10.000Z
thesefutures	2.849	false	1594	2016-11-09T09:23:15.000Z
time_until_xmas	2.849	false	822	2019-03-31T00:06:24.000Z
tinysightings	2.849	false	13	2019-05-09T12:57:53.000Z
tttthreads	2.849	false	2846	2018-09-17T15:15:49.000Z
YourNextNick	2.849	false	1	2018-02-25T22:19:00.000Z
letsplaysnake	2.783	false	44	2017-09-29T20:14:35.000Z
AAAAAAAStudents	2.744	false	135	2019-05-09T12:52:28.000Z
allTheTyping	2.744	false	93	2019-05-09T15:39:36.000Z
BikeVeniceBot	2.744	false	8	2019-02-24T21:30:47.000Z
BotConnectFour	2.744	false	9	2019-05-03T20:17:32.000Z
ceasedesistbot	2.744	false	243	2019-05-09T16:30:10.000Z
eliza4trump	2.744	false	104	2019-05-09T04:15:02.000Z
future_junk	2.744	false	1696	2019-05-09T06:30:01.000Z
InstallingJava	2.744	false	5	2019-05-09T06:33:00.000Z
legitvgcheats	2.744	false	30	2019-05-09T06:29:57.000Z
mothgenerator	2.744	false	11171	2019-04-19T02:01:55.000Z
NlProverbs	2.744	false	9	2019-05-09T15:00:06.000Z
OffbeatRPG	2.744	false	79	2019-05-09T12:59:25.000Z
shakyinsultbot	2.744	false	33	2019-05-09T15:42:01.000Z
SortingBot	2.744	false	35645	2018-08-16T19:22:10.000Z
tardygram	2.744	false	36	2015-09-20T19:34:44.000Z
TorfsBot	2.744	false	858	2019-05-09T14:11:33.000Z
Deutsch_Falsch	2.681	false	202	2019-05-09T16:47:02.000Z
1StarLandmarks	2.637	false	8	2018-08-20T15:00:00.000Z
accidental575	2.637	false	3913	2018-07-02T15:00:35.000Z
AuspiciousItems	2.637	false	34	2019-05-09T17:19:10.000Z
best_in_dumbest	2.637	false	1103	2019-05-09T18:00:03.000Z
cdarwin	2.637	false	23903	2019-05-09T14:51:51.000Z
chernobylstatus	2.637	false	31991	2019-05-09T13:00:37.000Z
EmojiWeatherCA	2.637	false	1351	2019-05-09T14:34:26.000Z
EveryVimeoVideo	2.637	false	15	2019-05-09T18:00:08.000Z
FlagsFalse	2.637	false	11	2019-05-09T15:33:55.000Z
HalloSpacebot	2.637	false	26	2019-05-09T12:14:06.000Z
IedereenKevin	2.637	false	27	2018-10-09T13:00:52.000Z
pleading_bot	2.637	false	53	2019-05-09T17:14:28.000Z
ROB0TIUS	2.637	false	1613	2019-05-09T06:29:05.000Z
thetinySAURS	2.637	false	157	2019-05-08T19:00:53.000Z
TrigonometryBot	2.637	false	444	2019-05-09T17:57:57.000Z
Vox_Plus	2.637	false	103	2019-05-09T14:00:02.000Z
WikiPlotBot	2.637	false	20	2019-05-09T17:17:03.000Z
yearProgressHeb	2.592	false	1	2019-05-07T00:22:24.000Z
bot_inspiration	2.531	false	16	2018-11-24T03:49:05.000Z
CutePetsBmore	2.531	false	184	2016-05-01T16:00:06.000Z
DitheredBot	2.531	false	29	2016-01-01T23:05:36.000Z
EmojiGenderBot	2.531	false	83	2019-05-09T12:02:40.000Z
gendercakes	2.531	false	296	2019-05-09T17:44:10.000Z
grow_slow	2.531	false	1890	2019-05-09T14:17:06.000Z
HelCityNews	2.531	false	291	2016-11-02T06:27:11.000Z
homevspublic	2.531	false	2	2019-05-09T12:57:42.000Z
LibraryH	2.531	false	1	2019-05-09T15:45:13.000Z
pata_amiga	2.531	false	37	2018-01-11T01:34:05.000Z
PlanetarySurvey	2.531	false	651	2019-05-09T12:35:03.000Z
SecretHistBot	2.531	false	25	2019-05-09T16:28:18.000Z
testvisionbot	2.531	false	5	2017-02-16T11:54:53.000Z
WikiPhotoFight	2.531	false	33	2019-03-08T07:16:10.000Z
yourwindowbot	2.531	false	15	2019-05-09T15:42:05.000Z
osalgoritmos	2.475	false	279	2019-05-09T15:44:23.000Z
AdventureNames	2.424	false	81	2019-05-09T17:11:47.000Z
AdvSettings_	2.424	false	33	2019-05-09T17:14:38.000Z
art_museum_bot	2.424	false	50	2019-05-09T12:03:04.000Z
autoarspoetica	2.424	false	16	2019-05-09T17:39:33.000Z
botflora	2.424	false	29	2018-12-24T19:43:16.000Z
brandnewplanet	2.424	false	3759	2019-05-09T17:14:19.000Z
coupletbot	2.424	false	9	2017-03-22T12:11:30.000Z
DearAssistant	2.424	false	4502	2016-06-20T02:56:26.000Z
dronestream	2.424	false	29437	2017-11-16T20:48:08.000Z
dungeon_junk	2.424	false	2547	2019-05-09T06:30:00.000Z
GoodDogsOfNYC	2.424	false	56	2019-05-09T17:05:02.000Z
JSLibGenerator	2.424	false	192	2019-05-09T17:19:00.000Z
LetsPlayTrivia	2.424	false	86	2019-05-09T18:01:33.000Z
lma___bot	2.424	false	1	2018-07-28T00:10:16.000Z
precure_screens	2.424	false	1728	2019-05-09T17:43:30.000Z
rapgamemetaphor	2.424	false	92	2017-11-11T23:36:28.000Z
saysthekremlin	2.424	false	59	2019-05-05T18:58:50.000Z
StealthMountain	2.424	false	23516	2016-04-29T19:01:26.000Z
suphypebot	2.424	false	22	2018-08-21T19:05:03.000Z
_primes_	2.318	false	10903	2019-05-09T17:18:02.000Z
angryrichpeople	2.318	false	41	2016-10-13T21:00:25.000Z
bartleby_scrvnr	2.318	false	10	2019-05-09T08:51:27.000Z
BotReylo	2.318	false	75	2019-05-09T17:57:50.000Z
buoypix	2.318	false	194	2019-05-09T16:34:07.000Z
folderisempty	2.318	false	23	2019-05-09T17:19:21.000Z
HypernymBot	2.318	false	96	2019-05-05T06:00:05.000Z
kiddieridesbk	2.318	false	30	2019-05-09T17:03:17.000Z
maybe_the_real	2.318	false	14	2019-05-09T17:17:50.000Z
Mgk8BallBot	2.318	false	11	2019-05-09T09:36:48.000Z
MockFrontPage	2.318	false	14	2018-10-25T12:23:17.000Z
MuseumBot	2.318	false	8289	2017-08-02T20:59:07.000Z
NPS20180007Bot	2.318	false	3	2018-10-23T16:06:01.000Z
palette_gen	2.318	false	57	2019-05-08T17:09:29.000Z
riverlevel_1867	2.318	false	20	2019-05-02T13:29:47.000Z
Ro_Sham_Bot	2.318	false	17	2019-02-03T17:35:06.000Z
SkoolDetention	2.318	false	2	2019-05-09T12:41:53.000Z
snippet_jpg	2.318	false	197	2017-11-17T19:48:19.000Z
thetinygallery	2.318	false	9214	2019-05-09T12:56:28.000Z
tinypoemgen	2.270	false	49	2019-05-09T18:02:25.000Z
1_thing_idk_why	2.212	false	21	2015-11-20T10:48:02.000Z
AColourEveryDay	2.212	false	6	2019-05-09T12:36:40.000Z
all_in_cards	2.212	false	337	2019-05-09T17:35:10.000Z
AntipodeBot	2.212	false	46	2019-05-09T15:54:24.000Z
ANWarriorBot	2.212	false	16	2019-05-08T20:03:06.000Z
artassignbot	2.212	false	4541	2018-03-08T04:00:08.000Z
benjaminbotbot	2.212	false	9	2019-05-08T18:55:28.000Z
BowBowoof	2.212	false	136	2019-05-09T16:15:27.000Z
btcsupply	2.212	false	290	2019-05-09T17:47:19.000Z
CultureShip_bot	2.212	false	277	2019-05-09T15:45:12.000Z
eecummings_bot	2.212	false	683	2019-05-09T15:38:31.000Z
FoodieMenuBot	2.212	false	60	2019-05-09T12:58:09.000Z
FrontPageBot	2.212	false	32	2015-08-18T23:08:40.000Z
hntlbot	2.212	false	83	2016-09-02T05:02:14.000Z
HostosBot	2.212	false	15	2015-11-19T00:12:59.000Z
imgshear	2.212	false	426	2016-04-17T16:11:48.000Z
licensemee	2.212	false	24	2019-05-09T16:18:19.000Z
LikeBotLove	2.212	false	16	2019-05-09T17:13:42.000Z
mars_rover_pics	2.212	false	15	2017-07-23T05:16:04.000Z
MyPresidentIs	2.212	false	22	2018-03-24T10:01:17.000Z
notyorker	2.212	false	97	2018-02-17T00:12:35.000Z
PatrickTwite	2.212	false	6	2016-08-24T12:48:06.000Z
SoulScroll1	2.212	false	12	2019-04-30T00:01:00.000Z
thetrumpwatcher	2.212	false	1848	2019-05-09T03:20:04.000Z
trump_chemistry	2.212	false	5	2019-05-09T15:40:46.000Z
xenolexica	2.212	false	21	2019-05-09T17:18:32.000Z
Diaeresis_OTPs	2.168	false	16	2019-05-09T16:17:01.000Z
ItIsYourData	2.168	false	93	2019-05-09T15:37:30.000Z
alignment_bot	2.108	false	19	2019-05-09T15:35:55.000Z
alt_text_bot	2.108	false	259	2017-07-21T17:22:16.000Z
assignments_txt	2.108	false	182	2018-04-11T16:59:24.000Z
BaanaCounter	2.108	false	560	2019-05-09T17:35:40.000Z
BodegaBot	2.108	false	1118	2019-05-09T17:19:28.000Z
clitoscope	2.108	false	186	2019-05-09T09:17:17.000Z
ColoursBot	2.108	false	17	2019-01-17T18:07:12.000Z
corporabrackets	2.108	false	115	2019-05-09T18:00:37.000Z
deshumani	2.108	false	48	2019-05-09T18:03:19.000Z
facedepot	2.108	false	81	2018-10-11T13:48:03.000Z
findyourreps	2.108	false	23	2019-05-06T15:14:11.000Z
gf_generator	2.108	false	499	2019-05-09T13:01:22.000Z
GOT_a_theory	2.108	false	9	2019-05-09T12:58:51.000Z
kaleid_o_bot	2.108	false	3601	2018-08-09T01:17:05.000Z
neuralgae	2.108	false	55	2019-05-09T16:11:03.000Z
phl_abatements	2.108	false	429	2019-05-09T16:33:13.000Z
PrimitivePic	2.108	false	2312	2019-05-09T17:57:18.000Z
roulettron	2.108	false	8	2016-06-07T20:08:32.000Z
sbaitsobot	2.108	false	11	2018-07-03T05:55:24.000Z
shakethatbrass2	2.108	false	7	2019-05-09T11:03:18.000Z
sixworderbot	2.108	false	390	2019-05-09T12:56:04.000Z
Tanjoubi_Bot_en	2.108	false	3937	2018-06-22T15:30:30.000Z
tendollarfive	2.108	false	2	2019-05-09T15:38:58.000Z
wdywam	2.108	false	601	2019-05-09T10:07:51.000Z
youtubeartifact	2.108	false	10382	2019-05-09T16:00:07.000Z
emoji_pizzas	2.068	false	223	2019-05-09T15:37:13.000Z
kaffee_reminder	2.068	false	6	2019-05-09T06:32:30.000Z
100yearsrising	2.004	false	157	2018-01-12T16:45:58.000Z
2PrincesDrafts	2.004	false	48	2018-12-07T13:08:49.000Z
5adaybot	2.004	false	12	2019-05-09T17:14:46.000Z
BracketMemeBot	2.004	false	1160	2019-05-09T17:46:04.000Z
celestial_echo	2.004	false	21	2019-04-10T03:49:01.000Z
CityDescriber	2.004	false	4127	2019-05-09T13:03:24.000Z
crystalliser	2.004	false	24	2015-10-03T14:20:15.000Z
daft_stars	2.004	false	78	2019-05-09T12:58:30.000Z
deitygalaxy	2.004	false	126	2019-05-09T17:20:27.000Z
ESBcolor	2.004	false	2597	2019-05-09T15:55:07.000Z
everyherd_bot	2.004	false	13	2019-03-22T23:01:31.000Z
FixmeBot	2.004	false	169	2019-03-07T00:45:05.000Z
GenerateACat	2.004	false	2386	2017-01-07T07:08:47.000Z
littlebubbot	2.004	false	53	2019-05-09T15:33:09.000Z
mass_shoot_bot	2.004	false	185	2019-05-09T08:35:29.000Z
nailpolishbot	2.004	false	435	2019-05-09T18:01:54.000Z
oaisdujour	2.004	false	641	2019-05-08T08:21:17.000Z
poem_exe	2.004	false	20659	2019-05-09T15:21:04.000Z
relativeprices	2.004	false	20	2019-05-09T17:39:33.000Z
Rene_Damaul	2.004	false	117	2019-05-09T15:42:33.000Z
rightnow6music	2.004	false	1481	2019-05-09T18:05:42.000Z
some_new_cities	2.004	false	514	2019-05-09T12:58:40.000Z
stayhome2night	2.004	false	4	2019-02-12T08:10:42.000Z
TinyColorPoems	2.004	false	19	2019-05-09T17:20:20.000Z
TinyCrossword	2.004	false	159	2019-05-08T21:00:01.000Z
VitaVirginiaBot	2.004	false	6919	2019-05-09T15:44:12.000Z
MancOrchSays	1.969	false	66	2019-05-09T14:48:48.000Z
adventvrecall	1.903	false	210	2016-08-04T23:44:03.000Z
AndromedaBot	1.903	false	6285	2019-05-09T17:50:28.000Z
AwkwardPolaroid	1.903	false	15	2017-11-26T15:30:02.000Z
beegenerator	1.903	false	10	2017-10-03T21:35:50.000Z
bitsofsaturn	1.903	false	2949	2019-05-09T16:39:57.000Z
collationBot	1.903	false	306	2019-05-09T16:18:11.000Z
DumbHolidays	1.903	false	4	2019-05-09T16:17:41.000Z
genderposibot	1.903	false	2087	2019-05-09T17:45:38.000Z
genrenator	1.903	false	11	2019-05-09T17:21:12.000Z
greatartbot	1.903	false	4775	2019-02-19T17:00:11.000Z
HomeMoviesBot	1.903	false	255	2019-05-09T12:15:12.000Z
howmanybigmacs	1.903	false	19	2019-05-09T15:00:00.000Z
markovgilmore	1.903	false	9	2019-05-09T17:55:25.000Z
MillennialMurd1	1.903	false	3	2019-05-09T12:54:55.000Z
Moondogbot	1.903	false	2	2019-05-09T15:44:29.000Z
NewHorizonsBot	1.903	false	5902	2015-09-11T22:35:04.000Z
RedwallFeasts	1.903	false	1306	2019-05-09T06:29:14.000Z
Schrodinger_Art	1.903	false	10	2017-12-02T21:56:05.000Z
SinebrychoffBot	1.903	false	133	2018-11-14T07:54:29.000Z
softlandscapes	1.903	false	20680	2019-05-09T12:56:34.000Z
SpritesByBitsy	1.903	false	161	2019-05-09T17:11:21.000Z
thelockbot	1.903	false	16	2019-05-09T06:32:08.000Z
trashcanlife	1.903	false	1581	2019-05-09T18:00:12.000Z
USDumpsterFire	1.903	false	10	2019-05-09T03:24:47.000Z
VAMuseumBot	1.903	false	85	2016-12-06T12:01:21.000Z
whinygenealogy	1.903	false	19	2019-05-09T12:59:27.000Z
arslongvitabrev	1.871	false	56	2019-05-09T16:41:48.000Z
trendbot	1.871	false	528	2018-12-15T19:00:03.000Z
big_ben_clock	1.803	false	454141	2019-05-09T18:00:03.000Z
colorschemez	1.803	false	56695	2019-05-09T17:03:26.000Z
DeletedWiki	1.803	false	17965	2019-05-09T16:35:26.000Z
everylotnyc	1.803	false	2424	2019-05-09T17:53:04.000Z
FlyFAA_Deicing	1.803	false	31	2019-05-09T12:14:07.000Z
FoleyArtists	1.803	false	1383	2019-05-09T12:38:53.000Z
fpl_optimiser	1.803	false	191	2018-09-14T10:01:52.000Z
goldenhourSEA	1.803	false	1743	2019-05-09T04:34:37.000Z
haikuthegibson	1.803	false	74	2019-05-09T16:15:03.000Z
ip2location	1.803	false	657	2019-05-09T15:38:02.000Z
JoyOfBotRoss	1.803	false	809	2019-05-07T04:05:36.000Z
JustDiedBot	1.803	false	2405	2019-05-09T16:45:02.000Z
MMecharin	1.803	false	71	2019-05-09T17:57:21.000Z
ShouldBot	1.803	false	201	2019-05-01T10:37:33.000Z
storyofglitch	1.803	false	404	2016-11-06T09:25:29.000Z
SVUFutureDrugs	1.803	false	1550	2019-05-09T13:01:07.000Z
tarojibot	1.803	false	27	2019-05-09T04:02:23.000Z
WikihowDreams	1.803	false	784	2019-05-09T17:14:09.000Z
WikipediaBits	1.803	false	893	2019-05-09T16:01:27.000Z
calm_gifs	1.740	false	17	2016-12-02T18:36:06.000Z
__compy	1.706	false	1960	2019-05-09T15:25:33.000Z
_emo_ji	1.706	false	96	2019-04-03T21:17:58.000Z
100Aux	1.706	false	8	2019-05-09T06:28:31.000Z
ablankblank	1.706	false	173	2019-05-09T11:42:57.000Z
astrove_bot	1.706	false	53	2019-05-09T12:29:10.000Z
bitsofpluto	1.706	false	15060	2019-03-14T04:00:07.000Z
botshopecash	1.706	false	25	2019-05-09T17:03:02.000Z
BotSpill	1.706	false	0	2019-05-09T12:35:16.000Z
censusAmericans	1.706	false	11482	2019-05-09T18:00:06.000Z
conceptsbot	1.706	false	35615	2019-05-09T15:39:45.000Z
fake_find	1.706	false	17	2019-05-09T18:02:12.000Z
FireworksBot	1.706	false	16	2017-01-05T20:55:39.000Z
gettophilosophy	1.706	false	59	2019-05-09T12:37:06.000Z
holidaybot4000	1.706	false	72	2019-05-09T04:04:19.000Z
icanhazmemento	1.706	false	46	2019-02-27T21:40:27.000Z
irememberbot	1.706	false	30	2016-08-06T04:00:17.000Z
Kaleidopix	1.706	false	202	2019-05-09T18:05:50.000Z
LionelIpsum	1.706	false	4	2019-05-09T17:00:03.000Z
metalband_exe	1.706	false	3593	2019-05-09T17:14:34.000Z
minetweeter_	1.706	false	27	2019-05-09T01:04:32.000Z
MuseumGenerator	1.706	false	3119	2019-05-09T13:03:49.000Z
NeonaziWallets	1.706	false	2510	2019-05-09T17:48:00.000Z
newspaperbot	1.706	false	188	2018-07-04T15:39:55.000Z
ObliqueBot	1.706	false	1826	2019-05-09T15:10:08.000Z
PotterPapers	1.706	false	724	2019-05-09T12:56:50.000Z
selfcare_bot	1.706	false	8036	2019-05-09T17:17:19.000Z
selfportraitexe	1.706	false	62	2019-05-09T16:00:08.000Z
thedoomclock	1.706	false	1355	2019-05-09T18:00:02.000Z
TilingBot	1.706	false	3079	2019-05-09T03:47:07.000Z
WikipediaDelete	1.706	false	9	2019-04-28T16:47:32.000Z
WordsofMcCarthy	1.706	false	2834	2019-05-09T12:39:25.000Z
cientistas_bot	1.683	false	591	2019-05-09T17:17:48.000Z
EmergencyPipou	1.683	false	568	2019-05-09T17:20:56.000Z
__birds__	1.612	false	698	2019-05-09T15:38:28.000Z
_valley_sunset_	1.612	false	12	2019-05-09T17:08:04.000Z
1920sAdventure	1.612	false	11	2017-07-29T07:45:10.000Z
anappleadaybot	1.612	false	15	2019-05-09T17:18:01.000Z
Betelgeuse_3	1.612	false	11351	2015-08-11T14:57:18.000Z
emojiastro	1.612	false	231	2019-05-09T11:16:10.000Z
everytract	1.612	false	6254	2019-05-09T17:46:11.000Z
GlitchLogos	1.612	false	3583	2019-05-09T13:45:03.000Z
HouseHaunters	1.612	false	4	2019-05-09T15:44:10.000Z
how2butt	1.612	false	78	2017-10-07T18:30:05.000Z
NewElementBot	1.612	false	15	2018-01-16T22:29:40.000Z
NoJSBot	1.612	false	91	2016-11-08T18:00:05.000Z
omg_movies	1.612	false	15	2019-05-09T13:01:20.000Z
plaidbot	1.612	false	465	2016-04-17T16:22:44.000Z
pomological	1.612	false	15071	2019-05-09T16:18:02.000Z
RollDiceBot	1.612	false	119	2019-05-07T14:01:20.000Z
smashhitsbot	1.612	false	2769	2019-05-09T15:32:04.000Z
tiny_forests	1.612	false	5100	2019-05-09T12:56:26.000Z
trafficgifs	1.612	false	319	2019-05-09T17:51:25.000Z
trulytheworst	1.612	false	7	2018-03-11T16:09:19.000Z
ahouseofdust	1.520	false	211	2019-05-09T17:19:12.000Z
Bartlebythebot	1.520	false	22	2019-05-09T06:32:10.000Z
botdoesnot	1.520	false	5	2019-05-09T12:59:44.000Z
botilius_syrus	1.520	false	45	2018-12-30T16:10:01.000Z
cryptword	1.520	false	34	2019-05-09T13:00:06.000Z
dailyinvaders	1.520	false	30	2019-01-17T09:00:28.000Z
DRyderNicknames	1.520	false	12	2019-02-21T17:45:00.000Z
emoji__polls	1.520	false	470	2019-05-09T17:58:48.000Z
endingsummary	1.520	false	1067	2019-05-08T23:00:17.000Z
fakefantas	1.520	false	6141	2019-05-09T17:10:50.000Z
FakeHQ	1.520	false	8	2019-05-06T18:00:18.000Z
fiwotd	1.520	false	357	2019-05-09T04:00:03.000Z
goosebumpbot	1.520	false	16	2018-08-19T12:44:26.000Z
ilovethisbot	1.520	false	153	2019-05-09T18:00:04.000Z
LovecraftMix	1.520	false	63	2019-05-09T16:14:01.000Z
mnemosynetron	1.520	false	81	2016-06-03T11:16:55.000Z
moonshotbot	1.520	false	3387	2019-05-09T16:25:05.000Z
okcubot	1.520	false	11	2018-04-18T19:00:33.000Z
relax__bot	1.520	false	10	2019-05-09T15:41:56.000Z
RoadTripBot_	1.520	false	44	2019-03-30T18:29:34.000Z
Rothko_Bot	1.520	false	803	2019-05-06T02:39:49.000Z
some_flags	1.520	false	80	2019-05-09T12:30:16.000Z
soqbot	1.520	false	19	2018-08-18T22:30:36.000Z
spacetravelbot	1.520	false	9586	2019-05-09T17:14:44.000Z
theprintbot	1.520	false	13	2018-11-01T20:46:17.000Z
tiny_star_field	1.520	false	133594	2019-05-09T16:29:01.000Z
usinjuries	1.520	false	8591	2019-05-09T16:00:42.000Z
vscaheritagebot	1.520	false	10	2017-08-22T02:01:00.000Z
wowwwbeautiful	1.520	false	80	2016-04-17T19:57:28.000Z
DeuxTitres	1.504	false	1544	2019-03-06T21:42:52.000Z
thementrends	1.504	false	91	2018-12-15T16:05:02.000Z
a_lovely_cloud	1.431	false	103	2018-09-18T16:45:04.000Z
AIGameAdvice	1.431	false	12	2017-07-18T10:15:52.000Z
archillect	1.431	false	1307750	2019-05-09T17:50:20.000Z
bankedits	1.431	false	1309	2019-05-09T16:47:50.000Z
big_cases	1.431	false	40891	2019-05-09T17:31:27.000Z
botcocktails	1.431	false	431	2019-05-09T16:46:04.000Z
CrookedCosmos	1.431	false	6872	2019-05-09T17:02:24.000Z
CWF_Forecast	1.431	false	187	2019-05-09T15:45:09.000Z
DeepDreamThis	1.431	false	1094	2016-06-27T19:29:29.000Z
differencebot	1.431	false	583	2019-05-09T17:07:51.000Z
emojiatlas	1.431	false	1219	2019-05-09T17:15:16.000Z
hypno__bot	1.431	false	28	2019-05-09T16:02:44.000Z
LSystemBot	1.431	false	2519	2019-05-09T16:15:03.000Z
mididittyBOT	1.431	false	54	2019-05-09T15:06:18.000Z
OminousZoom	1.431	false	1089	2019-05-09T15:25:09.000Z
petitsmotifs	1.431	false	1264	2019-05-09T06:29:58.000Z
realtimebus	1.431	false	459	2019-05-09T18:02:45.000Z
spinnymachine	1.431	false	135	2016-08-15T15:17:58.000Z
texasflags	1.431	false	5	2019-05-09T12:59:01.000Z
tmbotg	1.431	false	2901	2019-05-09T17:12:02.000Z
year_progress	1.431	false	254446	2019-05-08T18:00:00.000Z
costumebot	1.419	false	16	2019-05-09T12:42:31.000Z
2fistedstories	1.346	false	580	2019-05-09T17:16:45.000Z
BotSchmot	1.346	false	197	2018-11-20T11:44:45.000Z
colorisebot	1.346	false	2961	2019-02-11T00:15:20.000Z
dailyglacier	1.346	false	1129	2019-05-09T17:07:00.000Z
DeepForger	1.346	false	5939	2016-07-14T16:59:09.000Z
donorschamps	1.346	false	2099	2019-05-09T17:56:04.000Z
dscovrnews	1.346	false	39	2018-04-16T15:50:36.000Z
ebooks_goetia	1.346	false	6622	2019-05-09T18:00:06.000Z
EmojiAquarium	1.346	false	20739	2019-05-09T16:33:45.000Z
famousduos	1.346	false	170	2019-05-09T12:56:35.000Z
FFD8FFDB	1.346	false	4407	2017-09-12T00:42:58.000Z
firici_vici	1.346	false	270	2019-05-09T11:02:51.000Z
forestgen	1.346	false	34	2019-05-09T00:31:10.000Z
partyblowup	1.346	false	19	2019-05-09T15:38:40.000Z
PatternRandom	1.346	false	43	2019-05-09T17:30:03.000Z
showoff_ebooks	1.346	false	39	2019-05-09T17:40:28.000Z
soundcloudsaid	1.346	false	769	2019-05-09T14:41:24.000Z
tinylittlehomes	1.346	false	64	2019-05-09T12:51:09.000Z
wordnuvola	1.346	false	20517	2019-05-09T18:12:14.000Z
bot_de_colores	1.337	false	7828	2019-05-09T17:19:21.000Z
NoEmojiForThis	1.337	false	50	2019-05-09T16:56:45.000Z
_ku_bot	1.263	false	23	2019-05-09T12:57:46.000Z
_sys_bot_	1.263	false	22	2019-05-09T17:55:05.000Z
arguetron	1.263	false	2924	2019-05-09T17:55:38.000Z
BackToWorkBot	1.263	false	11	2019-05-09T17:48:58.000Z
BotEquippedWith	1.263	false	12443	2019-05-09T17:30:09.000Z
botinthewoods	1.263	false	585	2019-05-09T15:19:19.000Z
botlifemagazine	1.263	false	54	2019-05-09T17:43:33.000Z
cool_cats	1.263	false	106	2019-05-09T16:00:00.000Z
everyringfort	1.263	false	552	2019-05-09T18:00:03.000Z
fishyglyph	1.263	false	58	2019-05-09T17:00:38.000Z
happyautomata	1.263	false	1127	2019-05-09T08:00:02.000Z
hashfacade	1.263	false	260	2019-05-09T12:39:19.000Z
himawari8bot	1.263	false	4835	2019-04-27T04:23:06.000Z
infinite_scream	1.263	false	59523	2019-05-09T18:04:19.000Z
MasksAndHats	1.263	false	14	2019-05-09T11:28:07.000Z
one_small_bot	1.263	false	69	2019-05-09T17:10:00.000Z
spiraesthetic	1.263	false	177	2019-05-09T16:26:17.000Z
SynonymSpectra	1.263	false	61	2019-05-09T14:00:03.000Z
tiny_seas	1.263	false	3301	2019-05-09T12:56:22.000Z
unicode_garden	1.263	false	3156	2019-05-09T15:36:31.000Z
verbersGonaVerb	1.263	false	27	2015-12-15T18:33:01.000Z
wayback_exe	1.263	false	11276	2019-05-09T16:20:08.000Z
_numberstation	1.184	false	153	2019-05-09T17:45:37.000Z
BMovieGenerator	1.184	false	122	2019-05-09T12:56:41.000Z
bon_appetiny	1.184	false	1807	2019-05-09T12:56:24.000Z
KeplerBot	1.184	false	196	2018-10-16T00:20:16.000Z
KiasmaBot	1.184	false	193	2018-11-20T11:54:46.000Z
LatostadoraBot	1.184	false	99	2019-05-09T18:02:15.000Z
pumpkinspiceit	1.184	false	10	2019-05-09T17:19:21.000Z
RosettaBot	1.184	false	338	2018-08-25T18:51:59.000Z
SatelliteEurope	1.184	false	43	2018-10-22T18:00:10.000Z
subtitle_buoy	1.184	false	688	2018-04-12T07:20:07.000Z
tiny_gardens	1.184	false	6715	2019-05-09T12:56:23.000Z
TinyProtests	1.184	false	155	2019-05-09T15:40:57.000Z
trianglify	1.184	false	45	2019-05-09T12:58:02.000Z
wait4swear	1.184	false	30	2019-05-09T18:02:13.000Z
winter_scapes	1.184	false	642	2019-05-09T17:04:28.000Z
WITCHES_WIZARDS	1.184	false	1024	2019-05-08T20:21:58.000Z
YoureHereBot	1.184	false	3	2017-09-15T19:07:02.000Z
stainedglassbot	1.113	false	205	2017-01-25T20:23:53.000Z
an_entire_movie	1.109	false	11	2019-05-08T20:02:07.000Z
AteneumBot	1.109	false	176	2018-11-20T09:54:47.000Z
earthin24	1.109	false	277	2019-05-09T13:00:40.000Z
emoji_dna	1.109	false	10	2019-05-09T18:00:00.000Z
FPAdventuresBot	1.109	false	91	2019-05-09T15:21:33.000Z
GhostOfBotPast	1.109	false	3	2019-05-09T06:28:28.000Z
HiRISEBot	1.109	false	1317	2019-05-09T18:00:08.000Z
HSollewitt	1.109	false	17	2019-05-09T12:36:24.000Z
jeorkov	1.109	false	36	2019-05-09T16:00:03.000Z
kaikkisanat	1.109	false	2423	2019-05-09T17:40:01.000Z
Lowpolybot	1.109	false	5402	2018-08-11T10:47:38.000Z
mystic_cookie	1.109	false	14	2018-12-19T01:04:00.000Z
nmstereo	1.109	false	100	2012-09-24T13:56:45.000Z
resenhabot	1.109	false	474	2019-05-09T15:36:28.000Z
uudetsanat	1.109	false	317	2019-05-09T12:57:54.000Z
sorrowjs	1.109	false	15	2017-06-20T13:13:32.000Z
_OutToSea_	1.037	false	716	2019-05-09T12:58:00.000Z
AwfulEmoji	1.037	false	33	2019-05-09T15:38:49.000Z
brokenpatterns	1.037	false	62	2019-05-09T15:40:24.000Z
CozinhaBot	1.037	false	3162	2019-05-09T17:17:49.000Z
CSPANFive	1.037	false	635	2019-05-09T17:23:46.000Z
dscovr_epic	1.037	false	19945	2019-05-09T17:46:39.000Z
gallet_city	1.037	false	109	2019-05-09T18:05:04.000Z
haveyoueverbot	1.037	false	11	2015-11-12T10:44:21.000Z
liketocontinue	1.037	false	100	2017-01-17T10:19:23.000Z
NYPLEmoji	1.037	false	3984	2019-05-09T17:00:12.000Z
superclipartbot	1.037	false	34	2019-05-09T17:15:07.000Z
tinydotblot	1.037	false	18039	2019-05-09T12:58:03.000Z
trumptaxbot	1.037	false	16	2019-05-09T12:41:16.000Z
WesAndFilmBot	1.037	false	19	2019-05-09T15:38:21.000Z
wordfindatron	1.037	false	6	2019-05-09T12:54:04.000Z
auto_automata	0.969	false	138	2016-12-06T16:20:25.000Z
disguisebot	0.969	false	8	2018-03-30T09:26:46.000Z
everyonesai	0.969	false	5455	2019-05-09T12:58:53.000Z
everyword	0.969	false	63643	2014-06-07T13:30:02.000Z
imgfkr	0.969	false	620	2019-01-22T19:32:36.000Z
leastUsedEmoji	0.969	false	36047	2019-05-09T12:00:06.000Z
nhcbot	0.969	false	97	2018-10-31T20:45:09.000Z
NiteAlps	0.969	false	668	2019-05-09T06:30:00.000Z
okbabynames	0.969	false	11	2019-05-09T17:19:40.000Z
PepitoTheCat	0.969	false	74758	2019-05-09T03:17:09.000Z
symmetric_curve	0.969	false	315	2019-05-09T16:00:42.000Z
tiny_cityscapes	0.969	false	6044	2019-05-09T12:56:24.000Z
TinyAdv	0.969	false	518	2019-05-09T12:56:26.000Z
wavy_bgs	0.969	false	326	2019-02-26T04:41:30.000Z
moon_rise_bot	0.949	false	399	2018-12-26T02:40:52.000Z
NtflxGenerator	0.910	false	1566	2019-05-09T15:40:56.000Z
archiveURL	0.904	false	1	2017-02-12T06:41:58.000Z
DeathMedieval	0.904	false	62279	2019-05-09T17:48:38.000Z
EffDeeEmmu	0.904	false	14	2019-05-09T09:04:06.000Z
imgzoombot	0.904	false	273	2016-04-17T16:34:16.000Z
three_shape_bot	0.904	false	10	2019-05-09T15:42:08.000Z
tinygeom	0.904	false	62	2019-05-09T06:32:50.000Z
TwinPeaksBot	0.904	false	243	2018-06-07T06:21:43.000Z
wikitimelines	0.904	false	163	2019-05-09T00:06:44.000Z
winampskins	0.904	false	2316	2019-05-09T11:00:08.000Z
BotDuCul	0.851	false	42901	2019-05-09T18:00:54.000Z
___graveyard	0.842	false	42	2019-05-09T17:53:18.000Z
a_softer	0.842	false	117	2019-05-09T15:02:28.000Z
BabellingBorges	0.842	false	54	2017-03-23T08:30:04.000Z
botlovesyou	0.842	false	143	2017-04-07T15:11:16.000Z
catalog_drowsy	0.842	false	11	2019-05-09T17:00:08.000Z
Clipart1994bot	0.842	false	12834	2019-05-09T17:11:06.000Z
diehard_1988	0.842	false	7	2019-05-09T18:00:00.000Z
everyarabicword	0.842	false	77495	2019-05-09T18:00:02.000Z
everysimile	0.842	false	622	2018-09-18T05:40:45.000Z
FermiPasteladox	0.842	false	402	2019-05-09T17:51:15.000Z
FOIAFeed	0.842	true	6660	2019-05-09T16:41:53.000Z
last100bills	0.842	false	2	2019-05-09T16:02:12.000Z
OliverBarkBark	0.842	false	780	2016-08-23T00:46:02.000Z
southpoleviews	0.842	false	82	2019-05-09T18:02:20.000Z
spacesh1ps	0.842	false	75	2019-05-09T15:00:45.000Z
stellaraquaria	0.842	false	60	2019-05-09T12:56:52.000Z
TSRandomised	0.842	false	21	2019-05-09T17:30:50.000Z
wildflowersbot	0.842	false	836	2019-01-24T04:54:40.000Z
yayknuckletats	0.842	false	1	2019-05-09T15:41:03.000Z
BiffySays	0.794	false	103	2019-05-09T15:36:47.000Z
everywordIT	0.794	false	27	2016-03-20T21:30:00.000Z
autodoyle	0.784	false	125	2019-05-09T17:14:04.000Z
BotClassroom	0.784	false	2	2019-05-09T15:35:27.000Z
BRTLSTvsTRNGLFY	0.784	false	44	2019-05-09T17:19:17.000Z
EmojiTetra	0.784	false	13899	2019-05-09T18:02:39.000Z
everyportland	0.784	false	14	2019-05-09T16:45:01.000Z
GraphicScoreBot	0.784	false	807	2019-05-09T16:14:21.000Z
makebotbot	0.784	false	26	2018-07-03T19:30:28.000Z
metropologeny	0.784	false	4133	2019-05-09T18:03:50.000Z
NYT_first_said	0.784	false	55165	2019-05-09T16:55:45.000Z
PaintNames	0.784	false	1036	2019-05-09T17:27:10.000Z
patchslitt	0.784	false	794	2019-05-09T15:42:42.000Z
proverbsbot	0.784	false	11	2019-05-09T17:18:22.000Z
sadkeanubot	0.784	false	53	2019-05-09T15:39:06.000Z
tiny_mssn_ctrl	0.784	false	3676	2019-05-09T16:40:01.000Z
unfollowbugbot	0.784	false	5610	2019-05-08T22:47:04.000Z
UnicodeParade	0.784	false	25	2019-05-09T10:36:04.000Z
winthroplaundry	0.784	false	2	2019-05-09T18:00:07.000Z
WNTS_Rover	0.784	false	13	2017-05-22T19:24:01.000Z
HConstellations	0.764	false	27	2019-05-09T12:53:23.000Z
365sparkles	0.756	false	58	2017-07-26T22:20:02.000Z
AdjectiveInCity	0.729	false	13	2019-05-09T15:44:47.000Z
bloodofthemage	0.729	false	98	2018-07-13T13:57:09.000Z
computerzooom	0.729	false	8	2019-05-09T15:40:52.000Z
corrupt_memory	0.729	false	17	2019-05-09T16:42:50.000Z
EmojiSnakeGame	0.729	false	2536	2019-05-09T17:48:24.000Z
newonwiki	0.729	false	4	2019-05-08T22:13:35.000Z
RedScareBot	0.729	false	12898	2019-04-19T07:09:53.000Z
thereisnoiin	0.729	false	53	2019-05-09T15:37:14.000Z
_blackobs	0.678	false	116	2019-05-09T14:00:05.000Z
archillinks	0.678	false	47846	2019-05-09T17:50:21.000Z
beerlabelbot	0.678	false	159	2019-05-09T10:26:59.000Z
BotMondrian	0.678	false	40	2019-05-09T18:00:56.000Z
CryptoNamer	0.678	false	51	2019-05-09T16:55:30.000Z
infinitedeserts	0.678	false	12217	2019-05-09T12:56:06.000Z
MadcoilA	0.678	false	15	2019-05-09T10:01:01.000Z
nyt_diff	0.678	false	17709	2019-05-09T17:28:51.000Z
pico8bot	0.678	false	2548	2019-05-09T17:30:18.000Z
SmoothUnicode	0.678	false	657	2019-05-09T17:00:15.000Z
tamagotchi_img	0.678	false	289	2019-05-09T15:00:21.000Z
TheRiddlerBot	0.678	false	171	2019-05-09T15:24:04.000Z
tiny_bus_stop	0.678	false	2098	2019-05-09T12:56:32.000Z
tweetgameoflife	0.678	false	146	2019-05-08T17:47:38.000Z
randomeditation	0.643	false	48	2019-05-09T06:30:27.000Z
ActSciBot	0.629	false	12	2019-05-09T17:13:23.000Z
ATBrokenNews	0.629	false	428	2019-05-09T17:08:04.000Z
CheapBits	0.629	false	22	2019-05-09T12:57:35.000Z
emocage	0.629	false	8	2019-05-09T12:39:21.000Z
FilmRevisionist	0.629	false	5	2019-01-23T00:57:51.000Z
FlagFacts	0.629	false	666	2019-05-09T02:35:40.000Z
ManyShirts	0.629	false	23	2019-05-09T15:39:11.000Z
PrettyBirdsBot	0.629	false	70	2019-05-09T14:40:19.000Z
Strange_Museum	0.629	false	30	2019-05-09T17:18:06.000Z
theairplane_bot	0.629	false	22	2019-05-09T12:44:03.000Z
UC_Poesias_Bot	0.629	false	232	2019-05-09T15:36:47.000Z
unchartedatlas	0.629	false	15708	2019-05-09T17:45:58.000Z
WritersBlockBot	0.629	false	12	2019-05-09T17:25:13.000Z
ProcPlanets	0.622	false	820	2019-05-09T15:01:06.000Z
a_quilt_bot	0.584	false	3062	2019-05-09T16:35:44.000Z
autoRNG	0.584	false	34	2019-05-09T17:22:57.000Z
BotReadsComics	0.584	false	64	2015-05-25T00:31:57.000Z
glas_veil	0.584	false	207	2019-05-09T18:00:10.000Z
infinite_zodiac	0.584	false	78	2019-04-24T03:32:15.000Z
LofiCloudBot	0.584	false	10	2018-02-20T01:20:27.000Z
plzrevisit	0.584	false	253	2014-12-09T04:09:40.000Z
tokiale	0.584	false	66	2015-09-05T10:26:20.000Z
trendingpalette	0.584	false	16	2019-05-08T22:06:08.000Z
WizardGenerator	0.584	false	180	2019-05-09T15:51:16.000Z
catsnacks	0.577	false	78	2019-05-09T17:29:04.000Z
Cecinestpas_exe	0.568	false	20	2019-03-12T20:30:16.000Z
tinyskylines	0.568	false	227	2019-05-09T17:00:02.000Z
trumpbans	0.554	false	2	2019-05-09T12:41:19.000Z
digital_henge	0.541	false	1537	2019-05-09T17:41:02.000Z
emojiMountain	0.541	false	26	2018-02-15T18:55:57.000Z
everyailment	0.541	false	300	2018-03-22T18:11:49.000Z
furniture_gen	0.541	false	21	2019-05-09T16:00:02.000Z
lettergamebot	0.541	false	8	2019-05-09T12:56:37.000Z
lycanthrobot	0.541	false	77	2019-05-09T07:00:13.000Z
megacities1	0.541	false	3	2019-05-09T12:37:48.000Z
MinusEveryone	0.541	false	71	2018-01-25T05:54:07.000Z
nimibotti	0.541	false	85	2018-03-12T05:10:48.000Z
pollockdotexe	0.541	false	34	2019-05-09T16:02:35.000Z
TatsIllustrated	0.541	false	206	2019-05-09T15:26:12.000Z
vexilloherald	0.541	false	20	2019-05-09T12:41:55.000Z
WyWilderness	0.541	false	151	2019-05-09T17:30:52.000Z
dailyoblo	0.535	false	30	2019-05-09T12:40:21.000Z
helloworld__bot	0.502	false	14	2019-05-09T16:02:10.000Z
joculators	0.502	false	9	2017-11-02T19:00:03.000Z
JuliaSetBot	0.502	false	44	2018-04-07T12:07:16.000Z
UtahTeabot	0.502	false	24	2017-08-19T16:09:35.000Z
a_painting_bot	0.495	false	29	2018-12-27T00:00:13.000Z
ImagesDArtBot	0.480	false	285	2018-06-28T08:26:22.000Z
libraryX22	0.480	false	9	2015-12-20T07:38:28.000Z
wolf_clock	0.469	false	5	2019-05-09T17:50:29.000Z
birdbot4	0.464	false	55	2019-05-09T18:00:39.000Z
bot_the_dickens	0.464	false	39	2019-05-09T15:38:06.000Z
dinosaur_finder	0.464	false	8	2017-05-05T14:09:37.000Z
gachfocal	0.464	false	1331	2017-08-11T23:30:01.000Z
RandomColorGen	0.464	false	71	2019-05-09T17:25:02.000Z
SlowDemoArchive	0.464	false	7	2019-03-18T02:23:57.000Z
SPACEBOT5000	0.464	false	13	2017-09-23T03:24:58.000Z
vroom_vroom_bot	0.464	false	32	2019-05-09T10:17:14.000Z
graphmosphere	0.454	false	33	2019-05-09T18:00:10.000Z
iederwoord	0.439	false	2003	2017-11-23T03:15:03.000Z
50hexofgrey	0.434	false	10	2019-05-09T07:50:12.000Z
BraffPatterns	0.430	false	87	2019-01-09T00:17:06.000Z
EveryFinnishNo	0.430	false	197	2019-05-09T18:04:02.000Z
Introspectorbot	0.430	false	4	2019-05-09T17:58:52.000Z
RealPressSecBot	0.430	false	123596	2019-05-09T15:06:20.000Z
tiny_astro_naut	0.430	false	16782	2019-05-09T16:37:43.000Z
tiny_street	0.430	false	323	2019-05-09T18:05:49.000Z
sleeps_xmas	0.423	false	7	2019-05-09T12:40:33.000Z
botmakingart	0.397	false	21	2019-05-09T16:50:08.000Z
botsmellslike	0.397	false	31	2019-05-09T17:45:51.000Z
porcadapalabra	0.397	false	1765	2019-05-09T18:00:05.000Z
tinyknotwork	0.397	false	38	2019-05-09T12:41:05.000Z
fadedfotos	0.388	false	4	2019-05-09T12:41:43.000Z
OrbitOrbot	0.377	false	7	2019-05-09T15:09:07.000Z
256farben	0.367	false	103	2018-03-06T06:00:02.000Z
goTakeThis	0.367	false	9	2019-04-27T03:00:49.000Z
hometapingkills	0.367	false	7	2019-05-09T17:19:39.000Z
MagicRealismBot	0.367	false	111448	2019-05-09T15:41:46.000Z
MakeUSABotAgain	0.362	false	110	2016-11-09T03:15:59.000Z
emojitracks	0.361	false	24	2019-05-09T12:43:19.000Z
eveywilliwaw	0.339	false	148	2013-06-22T17:15:31.000Z
iamaslowtrain	0.339	false	99	2018-12-17T01:00:13.000Z
newzeldagamebot	0.339	false	5	2019-05-09T15:42:37.000Z
patents_bot	0.339	false	122	2018-12-26T08:00:06.000Z
VergleichBot	0.339	false	19	2018-03-11T20:15:06.000Z
SandpileArtBot	0.334	false	22	2019-05-09T18:04:52.000Z
emojiUSA	0.313	false	18	2019-05-09T18:00:02.000Z
everywordfr	0.313	false	20	2016-06-03T22:00:02.000Z
pngbot	0.313	false	362	2019-04-15T14:51:29.000Z
AgencyNames	0.289	false	5	2016-02-02T16:18:28.000Z
boggle_bot	0.289	false	3	2019-05-09T15:41:57.000Z
BostonSnowbot	0.289	false	75	2019-03-28T20:00:02.000Z
starnearyou	0.289	false	108	2019-04-21T16:07:39.000Z
theasciiartbot	0.289	false	33	2019-05-09T15:38:47.000Z
TinyDungeons	0.289	false	407	2019-05-09T16:30:02.000Z
busyadvice	0.281	false	29	2018-05-09T18:10:38.000Z
cityatnightbot	0.267	false	59	2019-05-09T06:32:12.000Z
badphotoquality	0.262	false	12	2019-05-09T17:16:37.000Z
Littlelandscap2	0.260	false	8	2019-05-09T06:32:55.000Z
someboxes	0.255	false	11	2019-05-09T17:14:33.000Z
window_scene	0.236	false	11	2019-05-09T12:51:06.000Z
UnrealBritain	0.227	false	6	2019-05-09T18:00:02.000Z
GalaxyGenerator	0.224	false	40	2019-05-09T15:39:34.000Z
jakerunningbot	0.211	false	3	2019-05-09T15:41:42.000Z
ASCIIGalaxy	0.209	false	20	2019-05-09T03:00:02.000Z
functionalemoji	0.193	false	89	2019-05-09T12:50:01.000Z
SunsetGenerator	0.190	false	30	2019-05-09T15:39:37.000Z
PixelMonsterBot	0.189	false	11	2019-05-09T17:14:28.000Z
emojitoemoji	0.177	false	91	2019-05-09T15:36:35.000Z
latinonamebot	0.177	false	2	2019-05-09T17:12:13.000Z
fallingleafbot	0.159	false	31	2019-05-09T17:16:40.000Z